{"cameraMode":{"drawMode":0,"name":"Shaded","section":"Shading Mode"},"sceneLighting":false,"audioPlay":false,"sceneViewState":{"showFog":true,"showMaterialUpdate":false,"showSkybox":true,"showFlares":true,"showImageEffects":true,"showParticleSystems":true},"in2DMode":false,"pivot":{"x":3.433272361755371,"y":-0.6804323196411133,"z":-7.335771560668945},"rotation":{"x":0.3728333115577698,"y":-0.10957350581884384,"z":0.044389382004737857,"w":0.9203432202339172},"size":23.3076229095459,"orthographic":false}