{"cameraMode":{"drawMode":0,"name":"Shaded","section":"Shading Mode"},"sceneLighting":false,"audioPlay":false,"sceneViewState":{"showFog":true,"showMaterialUpdate":false,"showSkybox":true,"showFlares":true,"showImageEffects":true,"showParticleSystems":true},"in2DMode":false,"pivot":{"x":-1.8618993759155274,"y":0.826134204864502,"z":-9.260623931884766},"rotation":{"x":-0.002967705251649022,"y":0.9835526347160339,"z":-0.1798894703388214,"w":-0.016249673441052438},"size":17.77272605895996,"orthographic":false}