{"cameraMode":{"drawMode":0,"name":"Shaded","section":"Shading Mode"},"sceneLighting":false,"audioPlay":false,"sceneViewState":{"showFog":true,"showMaterialUpdate":false,"showSkybox":true,"showFlares":true,"showImageEffects":true,"showParticleSystems":true},"in2DMode":false,"pivot":{"x":-10.257134437561036,"y":0.015625,"z":-9.846298217773438},"rotation":{"x":0.7102547883987427,"y":-0.00633472204208374,"z":0.006392861716449261,"w":0.7038921117782593},"size":22.378948211669923,"orthographic":true}